id	name	starring
200	QQLWI	184,198,139
201	DPNDY	163,132,153,113,155,127
202	MRBBZ	117,149,189,182
203	VRKTZ	175,119,148
204	MDSMC	179,141,171
205	YYVUI	118,115,154,153,140,116
206	JRMMT	135,122,111
207	DUDHN	116,174,118
208	YDAJW	100
209	IIAIC	130,123,169,154,173,143
210	ARLEF	136,107,122,168,160,145
211	DOUEC	113,198,188,101
212	OFWOW	199,192,181,195
213	WNCAY	139
214	PYSJO	186,153,182,172
215	MMOOA	192,179,101,136
216	EFPHW	129,123,166,165,100
217	OONSI	173,114
218	BQIMQ	195,106,121,107
219	UEBFJ	199,148
220	EMIVI	159,132,135,132,127,127
221	PHTXT	136,161
222	QSYUL	100,154,185,166
223	DTBED	180
224	NQLKO	195,167,146,137,156,109
225	XNHTW	115,117
226	WZHUH	185
227	HMBEK	138,110
228	KIJRX	108,111,194
229	OFXBG	115
230	MHRBN	132
231	JSAFZ	193,115,131
232	CKOZW	106,182,108,154,103
233	UNPNJ	196
234	IHHQZ	130
235	QBLVO	159,171,137,177
236	IEVNQ	139,140
237	NZCEP	107,196,106
238	OJVMM	185,194,186,119,117
239	XLWAX	108,195,103,124
240	PFUOP	194,176,141
241	LWDGS	196,122
242	OVJYB	192,177,124,166
243	SVWXP	171,198,189,104,183
244	KCEPB	149,154,144,150
245	RKTLU	167,142
246	LCYQW	119,136,184
247	JTGOQ	102,177
248	JIIJQ	191,123,170,139
249	THHTP	173
250	UOKEI	185,127,161,178,114
251	YYIEB	125
252	XOCTL	137,187
253	CZQMF	160,114,171,168,110
254	DRUFG	136,103,121,194
255	KEFKO	110,119,179,163,150
256	SLJDK	114,121,139,158
257	JGZNG	107,137,193
258	QHPMG	122,166
259	DHTTZ	119,196,167
260	CNBWF	196,127,143,132
261	ZXZNI	107,141,158,173,175,126
262	HMHMN	151,101,171,106,119
263	EQHVQ	184,132,133,192,128
264	HNECH	191,165
265	HXODE	153,142
266	YERGL	183,189,138,127,182
267	OKDLV	117,184,177
268	RFQWC	177,199,168,191
269	YYSKA	180,137,131,103
270	VBDPM	111,197,162,181,145
271	CIGTL	112,184
272	MIZGG	149,198
273	JOBGG	110,182,137,190
274	RXBQG	146,104,179,134
275	JCKFG	145,156
276	RDQRX	165,134,144,102,102,147
277	SEXCK	100,166
278	VNXYO	193,152,117
279	PSRIN	125,126,113,169,107,131
280	OCYMY	136
281	NGENX	185,108,175,111
282	RYUEO	132,111
283	SCGKY	144,170,110,177
284	CMDLU	191
285	KDPPO	196,161,119,185
286	SDTGJ	116,119,184,147
287	ILJPY	106,140,116,123
288	YPMRT	111,176,161,137,113
289	UPVVC	142
290	RBNKC	100,134,193
291	HWEYH	134,137
292	MMFCF	105,189,102,105,191,121
293	EGVHA	194,135,163,154,177,182
294	KYVFB	189,139,116
295	YZZFU	164,107
296	MNDZC	190
297	RRLXN	130,112,130,174,183,135
298	IWSJJ	109,106,109,171,157,146
299	QMDXK	196,106
300	CXPVB	182,199,151,142
301	PPKQJ	167
302	LDKIC	167
303	VFPLY	181
304	GUMUF	143
305	NFAIB	108,141,194
306	KEDQO	144,144,123,166,148
307	BGOKZ	157
308	AMYSS	171,129,184,187
309	EHTZB	111,155,102,149
310	ALPZS	197
311	CSHCH	130,163,148,195,128
312	SAGRU	167,144
313	GJWND	123
314	VUQHU	116,153,194,109,161,118
315	KMPQO	104
316	RRBBB	185,164
317	DZZAS	138,116,100,194,116
318	RSSWR	191,149,189,150,147,117
319	ZVYVI	173,172,112
320	MZAYU	185,175
321	LBWZQ	179,125,150
322	CXZVM	152,177
323	UINYM	185
324	BAUNG	130,182,125
325	YTGQO	115,159,142
326	HQJVV	180,166,177,194,144,154
327	ITWIU	155,131,130,103,172,110
328	MMNAJ	114
329	IHRZG	188,196,141,147,102
330	PWOVX	171,134
331	KKXAH	108,178,118,157,139,140
332	FSOIV	156,131
333	CIQEU	192,175,172,101,186,167
334	LBFOO	166,115,136
335	XTPKR	107,149,172,111
336	KVEBI	173
337	LCNGA	151
338	LMDJO	122,175,187,155,130,123
339	GIAIA	122,117,104,145,150
340	CBHAQ	141,139,152,158,195,125
341	GSLFM	149,149,118,100,114
342	ANVSI	104,144,113,115,133
343	MZLEQ	129,192,109,134,175
344	XWBJH	128,186,180
345	PTRZK	100
346	TMPUD	158,157,178
347	VAKLI	130,102,104,141
348	LTJXA	105
349	RPOBB	106,174
350	WSITK	150,175
351	CURSS	103,110,175,130,116,164
352	RYBJF	118,148,118,155,119,189
353	SIUAC	160,163,155,102
354	KAJWV	118,103,165,193
355	PDWKI	152,143,138,112
356	CXNVL	117,126,121,193,101
357	RKGTB	132,115,105,140
358	CFEQX	162,146,183
359	FDKJZ	173,106,158,110,185,158
360	LNIGQ	105,115
361	OHXYB	126,116,170,138
362	OQHTR	135,113,106,167,106
363	QYOOE	168,172,198,197,166
364	IQASX	176,139,103,107,190,166
365	GUYSE	139,139,144,178
366	HREHK	128
367	XYFMR	158
368	NOZHM	112,125,161
369	BMBAG	124,103,155,137
370	RKZZM	164,134,106
371	MFXQD	159,187,108
372	BVSNY	142,188
373	IITUN	178,111,138,143,142
374	WXQNL	195,117
375	UHUJV	150,196,189,146
376	COMIP	134,106,122
377	APQWZ	167,185,103,104,106,138
378	PBZQI	121,165,101,121,169
379	UXPKO	128,160
380	XCTQU	133,130,189,182,140
381	LAKCA	121,143
382	MKQOM	189
383	UPYTX	144,141,146,101
384	BAMGH	159,105
385	PLTOW	167
386	SZZLJ	181,149,131,125
387	MFFSO	160,133,170,118
388	BHLZI	145,180
389	BDXNZ	176,108,126,164
390	MDNMK	160,195,177,138,103
391	MFUWL	140
392	TROMR	137,113,174,130
393	WNJUF	122,158,135,183,110,143
394	CTTJP	180,141,197,147,190,123
395	GJMTL	118,115,137,154,122
396	LIWNJ	132,175,100,189,192,150
397	CSSVF	164,102,181,196,153
398	UTHDQ	118
399	BBURB	143,156,140,155,197,145
400	WTJLX	120,115,119,127,180,177
401	JHSZN	127,181
402	RQKXM	159,127,113,174,191
403	FROOV	106,112,118
404	HKKPD	182,182,132,117
405	HMFVF	177,134
406	JUHZK	149,160,187,166,151
407	CWJVU	152,187,159,181,153
408	XEJRF	160
409	YVGZR	198,104,127,125,168
410	DCJYB	172,120,115
411	TTHYL	129,167,164,116,145,163
412	EJKHO	162
413	FYSTS	175,101
414	QEHMZ	160,132,114,184,170
415	VCKXW	129,168
416	YDOIG	175
417	PXMOK	192,120,184,190,156,159
418	GZFEJ	180,156,123,118,176,190
419	LRHMN	160,168,145
420	QTAFH	195,124,173,155,183,189
421	WUMLV	155,118,115,142,191
422	WRXKL	193,184
423	CZJBE	182,129
424	ZCOBY	186,153,124,100,188
425	HKQSP	161,146,139,164,182,149
426	CEDFQ	192,162,138,146,103,175
427	XHEWZ	171,187,123,119
428	FCFPN	145,170,149,123,167
429	MERLE	182
430	QOGSF	118,175,190,197,131,160
431	SQLHX	124
432	BGJOL	101,100,185,170,183,180
433	JWLYX	130,138
434	COYEZ	185,140
435	XQQAC	118,105,186,190,122,196
436	ZGUKB	152,184,176,110
437	AUTLH	188,153,134,160,116,104
438	LEOBP	127
439	BKDTH	164,129,196,118,187,174
440	HRERB	196,142,177,168,181,195
441	WKFFO	177,198,119,163
442	CWDFO	114,182,135
443	TQRSP	179,162
444	CMRIU	132,130,194,170,160
445	UWVUP	103,176,164,123,131,136
446	RZBTC	112,199,106,188,107
447	FMYDQ	157,174,120,169,129
448	XCRYE	156,147
449	VNVOH	127,191,170
450	INTHZ	177,178
451	EOBAK	127
452	ZPULI	168,106,106
453	ECERA	148,169,157,198,157
454	SBRQP	155,110
455	GPWMQ	142,120,149,133
456	SJZNE	161,178,199
457	YLMJP	131,111,192,157,154,173
458	DXWCM	139,150,114,196,140,164
459	PLFKC	123,187
460	KUABL	168
461	WVQBK	144,148,198,190
462	KVOTG	152,149,153,181,179,186
463	TGJNG	140,176,141,150
464	AEADX	189
465	CLWFP	100
466	NPQEJ	194,128
467	MNZEM	161
468	FFXIA	165
469	AAUBB	121,161,117,169
470	VPYHD	162
471	IDMCO	128,143,174,161
472	VRYZC	114,141,158,142,110,175
473	NMKIF	179,165,113,146,134,164
474	DGPBE	137,197,195,127,131,168
475	QDFJS	158,108
476	FOEDV	150,147,130,183,117,157
477	VTIUT	191,133
478	TTQTX	191
479	VEIIA	144,123,127,185,101,129
480	BKENF	183,110,124,173
481	SCYLZ	180,169
482	PVVXC	139
483	NRCYP	147,190,152,130,162,118
484	UUHJQ	144,164,194,152
485	LAUJZ	158,159
486	LMCMT	164
487	EWILI	178
488	UMBFH	199,111
489	COZUZ	192,146,116,165,180,164
490	CRGVK	101,158,128,127,135
491	KKZPB	110
492	XKZMU	173,185,114,165
493	VKEHB	113,152,156,147,185,117
494	TJKBF	197,163,119,100
495	EGKCZ	148,175,196,138
496	TOMBY	145,126,158,111,169
497	RUXDT	116,120,170,110
498	ANHNI	120,171,122,125,109
499	JBQSC	134,191
