id	name	film
100	p a	208,216,222,277,290,317,341,345,396,424,432,465,494
101	a e	211,215,262,333,356,378,383,413,432,479,490
102	b o	247,276,276,292,309,329,347,353,397
103	j z	232,239,254,269,327,351,354,364,369,377,390,426,445
104	k u	243,274,315,339,342,347,377,409,437
105	i i	292,292,348,357,360,384,435
106	l w	218,232,237,262,287,298,299,349,359,362,362,370,376,377,403,446,452,452
107	q h	210,218,237,257,261,279,295,335,364,446
108	i l	228,232,239,281,305,331,371,389,475
109	o k	224,298,298,314,343,498
110	j y	227,253,255,273,283,327,351,359,393,436,454,472,480,491,497
111	f e	206,228,270,281,282,288,309,335,373,457,488,496
112	e h	271,297,319,355,368,403,446
113	q u	201,211,279,288,342,362,392,402,473,493
114	n c	217,250,253,256,328,341,414,442,458,472,492
115	z b	205,225,229,231,325,334,342,357,360,395,400,410,421
116	p z	205,207,286,287,294,314,317,317,351,361,411,437,489,497
117	g q	202,225,238,267,278,318,339,356,374,404,469,476,493
118	t i	205,207,314,331,341,352,352,354,387,395,398,403,418,421,430,435,439,483
119	f y	203,238,246,255,259,262,285,286,352,400,427,441,494
120	h r	400,410,417,447,455,497,498
121	v u	218,254,256,292,356,378,378,381,469
122	k j	206,210,241,258,338,339,376,393,395,435,498
123	d h	209,216,248,287,306,313,338,394,418,427,428,445,459,479
124	g p	239,242,369,420,424,431,480
125	o p	251,279,321,324,340,368,386,409,498
126	c t	261,279,356,361,389,496
127	f j	201,220,220,250,260,266,400,401,402,409,438,449,451,474,479,490
128	a o	263,311,344,366,379,466,471,490
129	e s	216,308,343,411,415,423,439,447,479
130	f c	209,234,297,297,311,324,327,338,347,351,380,392,433,444,476,483
131	c n	231,269,279,327,332,386,430,445,457,474
132	j g	201,220,220,230,260,263,282,357,396,404,414,444
133	t c	263,342,380,387,455,477
134	a k	274,276,290,291,330,343,370,376,405,437,473,499
135	s x	206,220,293,297,362,393,442,490
136	v f	210,215,221,246,254,280,334,445
137	z r	224,235,252,257,269,273,288,291,369,392,395,474
138	v k	227,266,317,355,361,373,377,390,426,433,495
139	d a	200,213,236,248,256,294,331,340,364,365,365,425,458,482
140	b r	205,236,287,331,357,380,391,399,434,458,463
141	q g	204,240,261,305,329,340,347,383,394,463,472
142	w k	245,265,289,300,325,372,373,421,440,455,472
143	p e	209,260,304,355,373,381,393,399,471
144	i z	244,276,283,306,306,312,326,342,365,383,461,479,484
145	z n	210,270,275,339,388,399,411,419,428,496
146	v m	224,274,298,358,375,383,425,426,473,489
147	g g	276,286,318,329,394,448,476,483,493
148	o j	203,219,306,311,352,453,461,495
149	p o	202,244,272,309,318,335,341,341,386,406,425,428,455,462
150	p m	244,255,318,321,339,350,375,396,458,463,476
151	a n	262,300,337,406
152	d i	278,322,340,355,407,436,462,483,484,493
153	k z	201,205,214,265,314,397,407,424,437,462
154	u l	205,209,222,232,244,293,326,395,457
155	j i	201,309,327,338,352,353,369,399,420,421,454
156	d a	224,275,332,399,417,418,448,493
157	o r	298,307,331,346,447,453,453,457,476
158	n j	256,261,340,346,359,359,367,393,472,475,485,490,496
159	p c	220,235,325,371,384,402,407,417,485
160	h x	210,253,353,379,387,390,406,408,414,419,430,437,444
161	b e	221,250,285,288,314,368,425,456,467,469,471
162	u h	270,358,412,426,443,470,483
163	g d	201,255,293,311,353,411,441,494
164	g e	295,316,351,370,389,397,411,425,439,445,458,473,484,486,489
165	e l	216,264,276,354,378,468,473,489,492
166	r d	216,222,242,258,277,306,326,334,363,364,406
167	i s	224,245,259,301,302,312,333,362,377,385,411,428
168	r e	210,253,268,363,409,415,419,440,452,460,474
169	t w	209,279,378,447,453,469,481,496
170	e c	248,283,361,387,414,428,432,444,449,497
171	q u	204,235,243,253,262,298,308,330,427,498
172	w l	214,319,327,333,335,363,410
173	m v	209,217,249,261,319,336,359,420,457,480,492
174	b y	207,297,349,392,402,439,447,471
175	r j	203,261,281,320,333,338,343,350,351,396,413,416,426,430,472,495
176	l b	240,288,364,389,418,436,445,463
177	n l	235,242,247,267,268,283,293,322,326,390,400,405,440,441,450
178	w n	250,331,346,365,373,450,456,487
179	o v	204,215,255,274,321,443,462,473
180	x e	223,269,326,344,388,394,400,418,432,481,489
181	e t	212,270,303,386,397,401,407,440,462
182	o y	202,214,232,266,273,293,300,324,380,404,404,423,425,429,442
183	h c	243,266,297,358,393,420,432,476,480
184	m n	200,246,263,267,271,286,308,414,417,422,436
185	o e	222,226,238,250,281,285,316,320,323,359,377,432,434,479,492,493
186	y g	214,238,333,344,424,435,462
187	k h	252,308,338,371,406,407,427,439,459
188	u i	211,329,372,424,437,446
189	r o	202,243,266,292,294,318,352,375,380,382,396,420,464
190	a u	273,296,364,394,417,418,430,435,461,483
191	s r	248,264,268,284,292,318,402,421,449,477,478,499
192	k j	212,215,242,263,333,343,396,417,426,457,489
193	q a	231,257,278,290,354,356,422
194	s m	228,238,240,254,293,305,314,317,326,444,466,484
195	n s	212,218,224,239,311,340,374,390,420,440,474
196	v g	233,237,241,259,260,285,299,329,375,397,435,439,440,458,495
197	o b	270,310,363,394,399,430,474,494
198	b b	200,211,243,272,363,409,441,453,461
199	i g	212,219,268,300,446,456,488
